at,site,val,type
2023-03-06 15:09:21,4,0,
2023-03-06 17:43:27,1,1,
2023-03-06 13:13:34,1,3,
2023-03-06 17:20:43,0,3,
2023-03-06 14:54:21,4,1,
2023-03-06 17:17:36,4,0,
2023-03-06 16:51:50,2,1,
2023-03-06 16:45:23,2,3,
2023-03-06 09:53:19,0,2,
2023-03-06 17:12:19,1,-1,0.0
2023-03-06 13:21:29,1,1,
2023-03-06 11:22:29,1,3,
2023-03-06 13:10:22,1,2,
2023-03-06 17:03:23,3,2,
2023-03-06 15:46:11,2,1,
2023-03-06 09:25:39,1,4,
2023-03-06 17:00:58,0,3,
2023-03-06 10:44:17,0,2,
2023-03-06 12:05:53,4,0,
2023-03-06 17:46:06,4,0,
2023-03-06 16:04:47,3,3,
2023-03-06 09:24:02,0,3,
2023-03-06 17:30:24,0,1,
2023-03-06 08:46:15,2,1,
2023-03-06 09:01:28,4,0,
2023-03-06 18:06:30,3,3,
2023-03-06 11:58:04,3,3,
2023-03-06 17:34:23,4,2,
2023-03-06 09:10:05,3,4,
2023-03-06 10:55:18,2,0,
2023-03-06 14:16:11,4,1,
2023-03-06 15:21:34,4,2,
2023-03-06 14:47:34,0,1,
2023-03-06 18:00:55,4,1,
2023-03-06 15:58:34,2,3,
2023-03-06 13:30:32,0,1,
2023-03-06 18:05:54,2,3,
2023-03-06 11:45:13,1,1,
2023-03-06 08:37:40,2,1,
2023-03-06 14:06:31,1,1,
2023-03-06 15:06:15,0,1,
2023-03-06 14:26:42,3,-1,0.0
2023-03-06 16:57:28,2,1,
2023-03-06 13:18:41,3,4,
2023-03-06 11:17:57,3,2,
2023-03-06 14:38:40,1,1,
2023-03-06 15:54:58,1,2,
2023-03-06 13:03:26,1,1,
2023-03-06 14:06:33,2,-1,0.0
2023-03-06 10:53:06,2,3,
2023-03-06 14:08:35,4,0,
2023-03-06 15:02:53,0,0,
2023-03-06 13:12:21,0,2,
2023-03-06 12:13:01,4,0,
2023-03-06 17:14:37,4,4,
2023-03-06 11:27:21,4,4,
2023-03-06 15:28:26,3,2,
2023-03-06 14:38:07,3,4,
2023-03-06 09:00:27,4,1,
2023-03-06 18:03:48,0,4,
2023-03-06 13:35:42,4,1,
2023-03-06 08:55:17,1,2,
2023-03-06 17:31:51,4,1,
2023-03-06 12:23:44,2,0,
2023-03-06 15:09:21,4,1,
2023-03-06 14:10:34,4,4,
2023-03-06 14:15:38,4,3,
2023-03-06 17:52:46,2,1,
2023-03-06 09:29:36,1,1,
2023-03-06 13:35:58,3,4,
2023-03-06 17:29:42,4,1,
2023-03-06 12:56:44,4,-1,0.0
2023-03-06 18:10:36,4,0,
2023-03-06 10:52:40,1,0,
2023-03-06 17:58:59,2,3,
2023-03-06 10:09:15,2,2,
2023-03-06 17:06:03,0,2,
2023-03-06 08:49:08,3,0,
2023-03-06 10:05:43,0,2,
2023-03-06 15:53:17,4,0,
2023-03-06 18:06:47,2,-1,0.0
2023-03-06 17:15:25,2,2,
2023-03-06 11:25:19,1,2,
2023-03-06 09:26:37,2,0,
2023-03-06 12:27:55,2,2,
2023-03-06 09:08:35,0,2,
2023-03-06 10:53:03,4,0,
2023-03-06 16:57:35,2,1,
2023-03-06 11:46:15,4,0,
2023-03-06 08:30:34,0,3,
2023-03-06 09:07:51,2,3,
2023-03-06 13:15:07,1,3,
2023-03-06 09:55:00,1,2,
2023-03-06 17:43:43,3,3,
2023-03-06 14:52:33,0,1,
2023-03-06 11:04:44,2,2,
2023-03-06 12:15:17,3,2,
2023-03-06 10:25:48,2,0,
2023-03-06 17:36:20,3,-1,0.0
2023-03-06 13:58:37,2,2,
2023-03-06 17:25:11,3,4,
2023-03-06 13:34:20,1,2,
2023-03-06 14:47:14,1,2,
2023-03-06 16:04:37,0,1,
2023-03-06 14:48:30,2,3,
2023-03-06 17:15:52,1,1,
2023-03-06 13:21:03,4,1,
2023-03-06 16:52:38,4,0,
2023-03-06 15:41:37,2,3,
2023-03-06 14:54:53,3,2,
2023-03-06 15:46:58,4,1,
2023-03-06 16:02:32,2,1,
2023-03-06 15:19:56,4,0,
2023-03-06 09:25:14,2,0,
2023-03-06 11:57:32,1,1,
2023-03-06 09:25:02,1,1,
2023-03-06 14:42:25,2,1,
2023-03-06 16:04:59,3,3,
2023-03-06 09:27:56,1,2,
2023-03-06 14:19:44,1,2,
2023-03-06 13:21:34,4,2,
2023-03-06 10:42:33,1,2,
2023-03-06 16:00:49,2,1,
2023-03-06 14:07:54,0,1,
2023-03-06 15:51:37,3,2,
2023-03-06 16:45:16,2,3,
2023-03-06 11:57:09,0,1,
2023-03-06 11:14:03,4,1,
2023-03-06 08:42:00,0,2,
2023-03-06 10:52:48,4,1,
2023-03-06 11:38:56,0,1,
2023-03-06 11:45:17,3,-1,0.0
2023-03-06 13:56:31,0,1,
2023-03-06 15:28:02,4,4,
2023-03-06 16:30:32,4,4,
2023-03-06 14:28:42,0,2,
2023-03-06 11:56:54,0,2,
2023-03-06 10:39:56,3,4,
2023-03-06 16:28:59,3,2,
2023-03-06 18:13:35,3,3,
2023-03-06 17:18:58,4,0,
2023-03-06 15:49:00,0,3,
2023-03-06 13:28:39,4,1,
2023-03-06 08:49:05,3,4,
2023-03-06 12:09:35,1,3,
2023-03-06 16:21:00,3,2,
2023-03-06 15:24:55,3,-1,0.0
2023-03-06 17:15:31,4,2,
2023-03-06 15:49:43,3,4,
2023-03-06 17:24:47,3,-1,0.0
2023-03-06 16:03:58,1,1,
2023-03-06 10:22:55,2,4,
2023-03-06 14:10:24,2,2,
2023-03-06 11:35:47,3,2,
2023-03-06 08:54:49,2,1,
2023-03-06 15:00:26,1,2,
2023-03-06 12:19:30,3,2,
2023-03-06 17:36:17,1,2,
2023-03-06 17:51:47,1,0,
2023-03-06 14:06:15,4,1,
2023-03-06 12:17:33,3,4,
2023-03-06 09:04:27,4,1,
2023-03-06 10:29:16,4,0,
2023-03-06 17:35:35,2,1,
2023-03-06 14:11:31,3,3,
2023-03-06 16:36:53,4,4,
2023-03-06 14:28:20,1,3,
2023-03-06 11:06:03,1,1,
2023-03-06 17:21:49,3,-1,0.0
2023-03-06 12:19:29,4,4,
2023-03-06 13:14:19,1,2,
2023-03-06 16:15:36,3,3,
2023-03-06 13:35:27,2,2,
2023-03-06 17:38:15,4,1,
2023-03-06 13:51:38,3,4,
2023-03-06 11:50:54,0,1,
2023-03-06 12:58:49,3,4,
2023-03-06 09:45:10,4,1,
2023-03-06 11:20:50,2,1,
2023-03-06 11:13:52,3,3,
2023-03-06 17:29:01,2,2,
2023-03-06 10:58:45,2,1,
2023-03-06 17:19:41,4,2,
2023-03-06 13:09:06,4,2,
2023-03-06 16:29:33,4,3,
2023-03-06 18:13:03,1,2,
2023-03-06 10:12:13,4,0,
2023-03-06 18:13:41,4,1,
2023-03-06 09:20:47,4,1,
2023-03-06 14:53:17,3,4,
2023-03-06 13:46:47,1,2,
2023-03-06 09:33:28,1,2,
2023-03-06 16:04:33,2,2,
2023-03-06 15:32:52,2,1,
2023-03-06 17:59:19,0,3,
2023-03-06 12:46:48,4,1,
2023-03-06 17:35:42,3,3,
2023-03-06 14:33:52,1,1,
2023-03-06 16:32:07,3,4,
2023-03-06 12:03:06,0,2,
2023-03-06 14:52:39,0,3,
2023-03-06 18:02:29,1,1,
2023-03-06 08:47:58,4,1,
2023-03-06 09:58:07,3,4,
2023-03-06 17:08:38,1,1,
2023-03-06 17:51:37,3,4,
2023-03-06 12:32:50,3,3,
2023-03-06 10:42:33,2,0,
2023-03-06 14:42:31,2,0,
2023-03-06 12:37:12,1,3,
2023-03-06 13:45:14,2,4,
2023-03-06 13:24:16,1,2,
2023-03-06 08:51:08,2,0,
2023-03-06 12:21:43,4,0,
2023-03-06 16:19:33,4,1,
2023-03-06 15:13:17,1,2,
2023-03-06 10:41:53,0,0,
2023-03-06 11:34:02,1,3,
2023-03-06 13:34:19,3,2,
2023-03-06 11:39:01,4,2,
2023-03-06 15:40:53,2,1,
2023-03-06 11:36:18,4,1,
2023-03-06 13:30:40,3,2,
2023-03-06 17:05:08,2,1,
2023-03-06 15:07:47,2,4,
2023-03-06 09:05:44,3,4,
2023-03-06 08:48:41,2,1,
2023-03-06 10:44:34,2,0,
2023-03-06 14:53:25,4,2,
2023-03-06 14:53:32,2,1,
2023-03-06 10:37:30,2,0,
2023-03-06 16:06:32,4,2,
2023-03-06 11:00:45,2,1,
2023-03-06 14:16:56,3,4,
2023-03-06 16:32:19,2,2,
2023-03-06 09:06:16,1,2,
2023-03-06 11:16:36,4,0,
2023-03-06 09:00:36,1,2,
2023-03-06 17:56:56,1,2,
2023-03-06 10:51:55,1,1,
2023-03-06 14:39:37,1,1,
2023-03-06 14:51:24,4,0,
2023-03-06 17:22:43,2,2,
2023-03-06 14:01:55,2,0,
2023-03-06 12:42:55,4,0,
2023-03-06 11:08:40,3,4,
2023-03-06 16:17:14,3,2,
2023-03-06 18:01:26,3,3,
2023-03-06 13:01:55,3,4,
2023-03-06 17:55:51,3,2,
2023-03-06 14:51:48,0,1,
2023-03-06 11:44:58,0,1,
2023-03-06 18:02:53,1,2,
2023-03-06 13:09:57,4,2,
2023-03-06 09:56:17,3,2,
2023-03-06 09:30:31,0,2,
2023-03-06 15:07:57,4,2,
2023-03-06 18:10:26,2,2,
2023-03-06 16:32:22,4,1,
2023-03-06 09:46:25,4,1,
2023-03-06 12:33:31,1,3,
2023-03-06 15:04:02,1,1,
2023-03-06 14:08:52,3,2,
2023-03-06 13:43:25,3,0,
2023-03-06 14:43:39,2,2,
2023-03-06 16:55:00,4,0,
2023-03-06 11:17:15,2,0,
2023-03-06 11:41:19,3,2,
2023-03-06 14:26:47,2,1,
2023-03-06 11:57:58,0,2,
2023-03-06 09:04:29,1,1,
2023-03-06 10:58:25,4,2,
2023-03-06 16:31:27,4,0,
2023-03-06 16:58:59,3,2,
2023-03-06 08:38:32,4,4,
2023-03-06 13:56:13,4,2,
2023-03-06 10:05:10,1,3,
2023-03-06 17:40:50,4,1,
2023-03-06 09:21:49,1,3,
2023-03-06 18:00:35,3,2,
2023-03-06 14:04:02,2,0,
2023-03-06 16:37:48,1,4,
2023-03-06 11:55:09,2,1,
2023-03-06 17:40:34,3,3,
2023-03-06 17:33:22,2,0,
2023-03-06 12:02:11,0,2,
2023-03-06 15:05:28,1,1,
2023-03-06 13:19:35,4,1,
2023-03-06 15:50:32,0,1,
2023-03-06 16:59:11,1,2,
2023-03-06 12:58:03,1,3,
2023-03-06 10:52:00,3,2,
2023-03-06 17:38:57,0,3,
2023-03-06 13:52:16,2,0,
2023-03-06 14:16:58,1,-1,0.0
2023-03-06 17:12:58,1,3,
2023-03-06 09:55:47,3,4,
2023-03-06 17:50:53,2,1,
2023-03-06 09:32:08,2,2,
2023-03-06 13:39:24,4,1,
2023-03-06 08:48:50,4,2,
2023-03-06 10:55:12,4,-1,0.0
2023-03-06 16:37:54,2,1,
2023-03-06 13:04:42,1,2,
2023-03-06 09:07:42,3,0,
2023-03-06 09:28:02,1,4,
2023-03-06 13:50:15,1,2,
2023-03-06 12:31:11,2,0,
2023-03-06 13:00:07,3,3,
2023-03-06 16:05:16,4,0,
2023-03-06 13:47:54,0,3,
2023-03-06 09:32:47,0,2,
2023-03-06 17:47:41,2,2,
2023-03-06 13:44:53,3,2,
2023-03-06 15:36:42,3,4,
2023-03-06 15:58:15,2,3,
2023-03-06 13:31:34,4,0,
2023-03-06 09:04:36,1,1,
2023-03-06 09:26:07,3,3,
2023-03-06 08:43:53,1,2,
2023-03-06 13:40:13,4,3,
2023-03-06 12:06:21,2,4,
2023-03-06 13:10:46,3,0,
2023-03-06 16:25:40,4,2,
2023-03-06 14:25:47,4,0,
2023-03-06 08:54:12,4,2,
2023-03-06 17:11:22,1,-1,0.0
2023-03-06 12:13:48,0,3,
2023-03-06 10:19:27,4,2,
2023-03-06 14:14:23,1,1,
2023-03-06 13:00:26,3,2,
2023-03-06 17:29:06,3,0,
2023-03-06 14:59:16,4,0,
2023-03-06 13:00:57,3,3,
2023-03-06 15:22:39,2,1,
2023-03-06 08:45:56,2,1,
2023-03-06 12:04:27,0,2,
2023-03-06 09:19:11,3,4,
2023-03-06 10:06:37,0,1,
2023-03-06 11:27:26,1,1,
2023-03-06 12:48:21,4,-1,0.0
2023-03-06 14:21:21,3,2,
2023-03-06 11:34:01,4,1,
2023-03-06 09:27:56,0,3,
2023-03-06 10:24:02,4,3,
2023-03-06 10:27:30,0,3,
2023-03-06 15:36:53,4,1,
2023-03-06 13:36:32,1,-1,0.0
2023-03-06 10:58:17,1,2,
2023-03-06 14:24:57,4,1,
2023-03-06 11:57:54,1,2,
2023-03-06 16:50:17,4,0,
2023-03-06 15:32:16,3,4,
2023-03-06 10:41:10,2,4,
2023-03-06 12:09:53,3,2,
2023-03-06 11:24:02,0,3,
2023-03-06 11:44:37,0,1,
2023-03-06 09:56:57,1,1,
2023-03-06 18:12:00,0,1,
2023-03-06 12:40:49,4,4,
2023-03-06 13:23:59,2,1,
2023-03-06 15:49:02,4,0,
2023-03-06 17:45:34,1,1,
2023-03-06 15:40:23,2,4,
2023-03-06 10:48:28,2,1,
2023-03-06 16:00:11,1,1,
2023-03-06 17:39:52,1,1,
2023-03-06 10:30:02,2,0,
2023-03-06 10:09:04,3,2,
2023-03-06 13:38:00,2,1,
2023-03-06 18:04:04,0,0,
2023-03-06 13:56:25,2,0,
2023-03-06 17:21:34,3,3,
2023-03-06 16:33:37,0,2,
2023-03-06 09:12:21,1,2,
2023-03-06 12:34:09,4,1,
2023-03-06 16:31:20,3,2,
2023-03-06 17:48:52,3,4,
2023-03-06 14:47:47,2,1,
2023-03-06 17:09:08,1,2,
2023-03-06 16:44:09,3,3,
2023-03-06 14:14:30,2,0,
2023-03-06 16:24:02,2,1,
2023-03-06 14:47:31,0,0,
2023-03-06 09:15:10,2,2,
2023-03-06 15:46:18,2,4,
2023-03-06 11:04:52,4,1,
2023-03-06 13:01:06,1,1,
2023-03-06 10:31:35,3,4,
2023-03-06 11:49:16,3,2,
2023-03-06 09:15:31,4,0,
2023-03-06 08:41:31,0,3,
2023-03-06 14:12:58,2,0,
2023-03-06 16:20:02,2,2,
2023-03-06 17:10:07,3,1,
2023-03-06 14:57:20,3,4,
2023-03-06 16:15:48,0,1,
2023-03-06 14:36:38,0,1,
2023-03-06 15:12:49,4,2,
2023-03-06 10:41:04,2,2,
2023-03-06 10:41:41,3,4,
2023-03-06 17:13:19,0,4,
2023-03-06 10:22:26,0,1,
2023-03-06 15:54:02,3,4,
2023-03-06 17:29:38,2,1,
2023-03-06 17:55:56,2,1,
2023-03-06 12:31:34,4,0,
2023-03-06 15:18:12,4,2,
2023-03-06 14:36:51,3,2,
2023-03-06 16:11:14,3,2,
2023-03-06 12:58:46,2,1,
2023-03-06 08:54:20,3,2,
2023-03-06 09:46:37,0,4,
2023-03-06 12:27:23,3,4,
2023-03-06 17:01:53,3,4,
2023-03-06 15:33:47,1,2,
2023-03-06 08:31:07,1,-1,0.0
2023-03-06 09:14:38,2,0,
2023-03-06 09:11:02,4,1,
2023-03-06 17:30:26,3,3,
2023-03-06 15:11:29,1,4,
2023-03-06 12:05:04,0,1,
2023-03-06 11:50:40,3,1,
2023-03-06 15:42:37,2,4,
2023-03-06 10:53:49,0,2,
2023-03-06 08:44:57,4,2,
2023-03-06 16:28:11,4,0,
2023-03-06 08:50:34,4,1,
2023-03-06 14:19:50,2,3,
2023-03-06 13:00:54,3,3,
2023-03-06 15:44:59,2,3,
2023-03-06 15:18:15,3,1,
2023-03-06 10:45:01,2,0,
2023-03-06 10:36:19,4,0,
2023-03-06 08:44:12,2,1,
2023-03-06 15:34:43,1,1,
2023-03-06 09:58:32,1,1,
2023-03-06 10:09:44,1,1,
2023-03-06 10:14:37,1,2,
2023-03-06 13:47:21,4,4,
2023-03-06 11:41:15,3,3,
2023-03-06 18:01:23,0,0,
2023-03-06 09:19:32,1,3,
2023-03-06 15:00:20,0,2,
2023-03-06 17:12:03,2,1,
2023-03-06 11:08:25,3,4,
2023-03-06 16:52:05,1,1,
2023-03-06 17:18:30,3,4,
2023-03-06 16:47:04,1,2,
2023-03-06 16:58:27,4,1,
2023-03-06 16:55:36,1,1,
2023-03-06 18:01:39,3,2,
2023-03-06 09:56:17,2,1,
2023-03-06 17:30:00,1,3,
2023-03-06 15:22:28,4,0,
2023-03-06 16:51:13,4,4,
2023-03-06 13:04:07,0,2,
2023-03-06 10:43:22,2,1,
2023-03-06 17:28:15,2,0,
2023-03-06 12:36:31,0,1,
2023-03-06 14:21:45,4,0,
2023-03-06 13:43:39,3,2,
2023-03-06 13:19:19,1,2,
2023-03-06 10:49:33,4,0,
2023-03-06 14:20:11,4,0,
2023-03-06 14:01:48,4,2,
2023-03-06 13:36:14,4,1,
2023-03-06 10:01:30,3,4,
2023-03-06 15:01:57,3,4,
2023-03-06 17:59:59,0,2,
2023-03-06 13:31:41,4,3,
2023-03-06 14:53:34,3,3,
2023-03-06 12:59:41,3,2,
2023-03-06 11:08:14,4,1,
2023-03-06 10:34:30,0,3,
2023-03-06 10:14:07,4,2,
2023-03-06 15:14:05,2,1,
2023-03-06 09:45:09,1,3,
2023-03-06 11:10:08,4,0,
2023-03-06 08:52:04,2,4,
2023-03-06 16:28:40,2,2,
2023-03-06 10:48:50,3,4,
2023-03-06 09:17:10,2,1,
2023-03-06 15:26:53,3,3,
2023-03-06 14:01:55,0,0,
2023-03-06 12:25:46,2,1,
2023-03-06 11:39:41,4,0,
2023-03-06 09:54:28,3,3,
2023-03-06 15:51:01,4,0,
2023-03-06 12:38:06,1,1,
2023-03-06 11:28:23,3,4,
2023-03-06 14:20:25,3,0,
2023-03-06 10:52:29,3,-1,0.0
2023-03-06 08:57:27,2,0,
2023-03-06 10:39:56,1,2,
2023-03-06 10:01:23,0,2,
2023-03-06 13:22:04,3,-1,0.0
2023-03-06 08:50:03,2,1,
2023-03-06 09:27:08,2,1,
2023-03-06 14:21:51,2,0,
2023-03-06 16:23:21,4,2,
2023-03-06 11:37:54,0,2,
2023-03-06 12:41:04,1,2,
2023-03-06 14:08:24,1,3,
2023-03-06 16:39:39,3,3,
2023-03-06 09:03:24,2,1,
2023-03-06 09:03:46,4,2,
2023-03-06 15:43:47,2,0,
2023-03-06 13:56:18,3,0,
2023-03-06 11:28:27,0,4,
2023-03-06 13:03:44,0,2,
2023-03-06 18:04:45,3,3,
2023-03-06 10:19:00,1,1,
2023-03-06 13:48:50,2,1,
2023-03-06 11:10:24,1,2,
2023-03-06 12:28:22,1,1,
2023-03-06 15:50:02,4,0,
2023-03-06 11:23:28,4,2,
2023-03-06 14:46:37,1,3,
2023-03-06 10:10:09,0,1,
2023-03-06 15:51:35,0,4,
2023-03-06 12:45:07,4,2,
2023-03-06 09:47:15,3,3,
2023-03-06 12:01:51,3,3,
2023-03-06 09:07:14,1,1,
2023-03-06 09:29:27,3,3,
2023-03-06 13:37:35,3,4,
2023-03-06 09:12:15,3,4,
2023-03-06 12:20:17,4,1,
2023-03-06 15:52:58,1,1,
2023-03-06 12:55:30,4,3,
2023-03-06 17:06:05,4,-1,0.0
2023-03-06 12:58:06,0,-1,0.0
2023-03-06 14:17:06,1,3,
2023-03-06 13:24:20,2,0,
2023-03-06 11:21:19,3,0,
2023-03-06 17:14:43,1,3,
2023-03-06 10:08:26,3,4,
2023-03-06 10:02:47,4,2,
2023-03-06 10:37:56,1,2,
2023-03-06 11:13:39,4,2,
2023-03-06 13:16:29,4,0,
2023-03-06 14:23:34,3,2,
2023-03-06 15:18:16,2,0,
2023-03-06 17:59:20,4,2,
2023-03-06 10:36:38,4,1,
2023-03-06 16:41:13,0,3,
2023-03-06 10:35:22,1,4,
2023-03-06 15:44:08,4,1,
2023-03-06 10:16:43,2,3,
2023-03-06 10:39:04,0,0,
2023-03-06 13:53:27,4,0,
2023-03-06 15:39:49,4,0,
2023-03-06 08:44:38,4,3,
2023-03-06 13:19:59,3,4,
2023-03-06 10:12:30,3,0,
2023-03-06 14:21:10,4,0,
2023-03-06 18:08:35,1,3,
2023-03-06 10:14:37,2,-1,0.0
2023-03-06 09:38:56,4,1,
2023-03-06 13:58:19,2,2,
2023-03-06 16:49:34,0,-1,0.0
2023-03-06 10:56:43,3,4,
2023-03-06 11:31:06,4,1,
2023-03-06 17:33:00,3,3,
2023-03-06 11:01:24,2,1,
2023-03-06 08:46:11,4,0,
2023-03-06 18:08:46,3,-1,0.0
2023-03-06 16:58:11,2,4,
2023-03-06 14:56:24,1,3,
2023-03-06 09:27:35,2,1,
2023-03-06 10:00:43,0,3,
2023-03-06 09:04:20,1,3,
2023-03-06 12:48:27,1,3,
2023-03-06 08:53:13,3,2,
2023-03-06 17:23:37,2,0,
2023-03-06 09:36:24,2,1,
2023-03-06 16:21:22,3,2,
2023-03-06 17:49:34,2,3,
2023-03-06 18:07:24,0,4,
2023-03-06 12:32:33,4,1,
2023-03-06 10:39:20,4,4,
2023-03-06 13:44:18,4,2,
2023-03-06 13:01:51,3,4,
2023-03-06 15:59:00,1,2,
2023-03-06 11:23:44,0,2,
2023-03-06 12:21:00,2,3,
2023-03-06 13:37:27,3,3,
2023-03-06 13:08:02,2,1,
2023-03-06 15:42:16,2,1,
2023-03-06 11:50:41,3,4,
2023-03-06 16:47:54,1,4,
2023-03-06 10:02:40,1,-1,0.0
2023-03-06 14:54:57,4,4,
2023-03-06 16:26:50,4,0,
2023-03-06 16:00:35,2,0,
2023-03-06 12:00:28,1,3,
2023-03-06 12:09:40,4,0,
2023-03-06 16:59:20,4,3,
2023-03-06 13:35:23,0,1,
2023-03-06 11:11:06,1,3,
2023-03-06 10:39:49,1,1,
2023-03-06 18:01:25,2,-1,0.0
2023-03-06 08:38:20,4,0,
2023-03-06 10:15:44,2,1,
2023-03-06 14:08:34,1,3,
2023-03-06 09:55:25,2,4,
2023-03-06 13:30:53,4,4,
2023-03-06 09:16:59,4,2,
2023-03-06 14:56:52,2,3,
2023-03-06 09:31:11,1,0,
2023-03-06 15:21:58,3,2,
2023-03-06 11:12:14,3,4,
2023-03-06 09:54:24,4,0,
2023-03-06 12:13:30,4,-1,0.0
2023-03-06 10:23:28,2,4,
2023-03-06 11:54:51,3,4,
2023-03-06 14:17:16,1,1,
2023-03-06 14:53:46,4,0,
2023-03-06 17:02:33,4,2,
2023-03-06 14:57:45,1,1,
2023-03-06 12:23:02,1,2,
2023-03-06 11:05:25,0,3,
2023-03-06 16:50:12,3,4,
2023-03-06 14:09:16,2,1,
2023-03-06 14:28:07,3,4,
2023-03-06 17:40:11,3,4,
2023-03-06 14:29:17,1,2,
2023-03-06 09:58:57,4,1,
2023-03-06 14:29:28,0,2,
2023-03-06 16:59:06,3,2,
2023-03-06 13:39:56,1,3,
2023-03-06 17:24:29,4,1,
2023-03-06 17:14:15,2,2,
2023-03-06 12:23:52,2,0,
2023-03-06 13:33:22,2,4,
2023-03-06 13:20:25,3,4,
2023-03-06 16:04:11,4,4,
2023-03-06 16:00:41,2,0,
2023-03-06 10:33:03,0,3,
2023-03-06 14:34:24,3,-1,0.0
2023-03-06 17:41:53,2,4,
2023-03-06 08:51:28,4,2,
2023-03-06 13:10:43,2,2,
2023-03-06 10:05:43,1,3,
2023-03-06 14:54:11,1,1,
2023-03-06 16:29:11,0,0,
2023-03-06 11:03:06,0,3,
2023-03-06 11:13:41,0,2,
2023-03-06 10:29:34,1,1,
2023-03-06 11:10:02,0,2,
2023-03-06 09:30:57,1,4,
2023-03-06 16:37:41,3,4,
2023-03-06 10:45:31,2,1,
2023-03-06 10:00:33,2,2,
2023-03-06 10:59:32,0,3,
2023-03-06 09:41:33,3,3,
2023-03-06 17:56:08,2,1,
2023-03-06 08:55:30,0,2,
2023-03-06 12:03:11,4,1,
2023-03-06 08:39:51,4,2,
2023-03-06 11:04:03,2,3,
2023-03-06 15:53:10,3,2,
2023-03-06 10:59:17,2,1,
2023-03-06 14:36:29,2,2,
2023-03-06 12:23:43,4,1,
2023-03-06 16:30:22,1,3,
2023-03-06 16:00:46,2,0,
2023-03-06 12:03:32,2,0,
2023-03-06 10:12:53,0,3,
2023-03-06 10:52:06,3,2,
2023-03-06 08:37:21,1,2,
2023-03-06 11:15:59,3,4,
2023-03-06 14:06:03,2,1,
2023-03-06 12:34:35,3,2,
2023-03-06 09:11:39,1,1,
2023-03-06 09:54:03,3,2,
2023-03-06 11:06:21,2,1,
2023-03-06 17:34:14,4,0,
2023-03-06 13:49:17,0,2,
2023-03-06 14:25:20,2,0,
2023-03-06 10:31:32,1,1,
2023-03-06 13:20:25,4,1,
2023-03-06 11:13:09,3,4,
2023-03-06 10:21:29,3,3,
2023-03-06 14:48:24,4,2,
2023-03-06 11:23:06,4,1,
2023-03-06 13:37:07,3,3,
2023-03-06 09:23:24,2,2,
2023-03-06 13:01:55,3,3,
2023-03-06 16:41:28,1,3,
2023-03-06 14:48:46,1,1,
2023-03-06 14:31:28,4,0,
2023-03-06 16:54:44,3,4,
2023-03-06 18:10:25,0,3,
2023-03-06 11:33:27,0,2,
2023-03-06 18:04:45,4,1,
2023-03-06 15:55:11,0,2,
2023-03-06 09:01:49,4,2,
2023-03-06 10:47:15,4,2,
2023-03-06 12:36:41,4,2,
2023-03-06 10:41:58,4,4,
2023-03-06 13:48:45,4,2,
2023-03-06 17:22:21,3,4,
2023-03-06 16:23:21,1,1,
2023-03-06 12:27:33,2,2,
2023-03-06 14:52:06,1,2,
2023-03-06 16:28:35,0,2,
2023-03-06 16:10:40,3,3,
2023-03-06 12:35:00,2,3,
2023-03-06 09:16:21,4,1,
2023-03-06 09:13:02,3,2,
2023-03-06 16:56:31,1,1,
2023-03-06 10:08:03,4,2,
2023-03-06 12:49:45,3,4,
2023-03-06 16:15:23,4,0,
2023-03-06 08:57:33,0,1,
2023-03-06 17:17:39,4,0,
2023-03-06 15:58:43,1,3,
2023-03-06 16:41:44,2,2,
2023-03-06 13:34:49,4,0,
2023-03-06 14:09:55,1,1,
2023-03-06 14:03:01,0,-1,0.0
2023-03-06 14:38:21,1,1,
2023-03-06 18:02:11,3,3,
2023-03-06 12:20:40,3,2,
2023-03-06 15:25:16,2,0,
2023-03-06 12:23:35,3,4,
2023-03-06 09:42:20,2,0,
2023-03-06 08:41:53,1,2,
2023-03-06 13:19:31,3,4,
2023-03-06 11:02:30,4,4,
2023-03-06 08:56:33,4,1,
2023-03-06 09:49:13,4,0,
2023-03-06 09:36:10,0,1,
2023-03-06 13:06:59,4,0,
2023-03-06 16:36:30,3,3,
2023-03-06 09:52:51,4,1,
2023-03-06 16:10:45,3,0,
2023-03-06 15:14:45,3,4,
2023-03-06 17:19:57,0,3,
2023-03-06 17:12:39,2,1,
2023-03-06 09:59:00,1,1,
2023-03-06 11:51:31,2,0,
2023-03-06 11:15:26,3,4,
2023-03-06 13:36:53,3,3,
2023-03-06 12:30:38,3,0,
2023-03-06 16:47:28,3,3,
2023-03-06 17:18:48,4,2,
2023-03-06 17:23:11,0,1,
2023-03-06 15:24:30,4,1,
2023-03-06 14:30:35,3,-1,0.0
2023-03-06 17:08:46,1,3,
2023-03-06 13:37:16,0,1,
2023-03-06 17:50:44,1,3,
2023-03-06 14:06:51,4,2,
2023-03-06 14:05:36,1,1,
2023-03-06 11:39:17,1,2,
2023-03-06 15:51:08,3,4,
2023-03-06 15:22:26,1,1,
2023-03-06 14:34:07,2,3,
2023-03-06 17:43:37,1,3,
2023-03-06 11:00:35,4,0,
2023-03-06 09:01:31,3,2,
2023-03-06 16:47:18,2,1,
2023-03-06 17:27:06,2,2,
2023-03-06 15:25:58,1,1,
2023-03-06 16:22:08,3,2,
2023-03-06 11:37:35,4,1,
2023-03-06 10:52:40,3,4,
2023-03-06 08:35:24,3,2,
2023-03-06 17:52:28,3,0,
2023-03-06 09:52:55,3,2,
2023-03-06 12:25:41,4,2,
2023-03-06 11:30:45,0,3,
2023-03-06 10:05:42,3,2,
2023-03-06 13:50:24,0,0,
2023-03-06 17:51:56,0,3,
2023-03-06 16:59:43,0,0,
2023-03-06 17:14:33,4,0,
2023-03-06 14:42:27,0,2,
2023-03-06 10:37:40,1,1,
2023-03-06 14:27:25,0,3,
2023-03-06 15:02:33,3,4,
2023-03-06 14:19:45,3,2,
2023-03-06 11:28:07,1,2,
2023-03-06 16:08:23,1,2,
2023-03-06 11:08:34,2,4,
2023-03-06 16:31:51,2,-1,0.0
2023-03-06 17:47:25,2,1,
2023-03-06 11:04:18,4,1,
2023-03-06 14:43:08,2,2,
2023-03-06 15:22:29,4,0,
2023-03-06 10:11:52,2,1,
2023-03-06 17:37:09,0,0,
2023-03-06 09:13:51,3,2,
2023-03-06 08:36:05,1,3,
2023-03-06 10:23:10,2,0,
2023-03-06 17:29:59,1,1,
2023-03-06 17:24:01,2,0,
2023-03-06 13:04:16,1,2,
2023-03-06 15:06:57,1,3,
2023-03-06 09:33:10,4,1,
2023-03-06 10:58:44,1,2,
2023-03-06 14:50:35,0,3,
2023-03-06 09:25:25,3,2,
2023-03-06 17:04:38,0,1,
2023-03-06 16:47:37,4,0,
2023-03-06 17:31:34,0,3,
2023-03-06 12:23:28,4,-1,0.0
2023-03-06 11:38:40,3,3,
2023-03-06 13:55:41,4,0,
2023-03-06 11:06:17,2,0,
2023-03-06 09:35:43,1,3,
2023-03-06 11:34:54,0,2,
2023-03-06 13:54:41,3,4,
2023-03-06 13:41:14,3,2,
2023-03-06 15:29:42,2,0,
2023-03-06 10:27:40,4,1,
2023-03-06 08:34:08,0,2,
2023-03-06 17:27:03,1,4,
2023-03-06 15:13:17,3,3,
2023-03-06 17:08:28,4,1,
2023-03-06 13:14:20,2,0,
2023-03-06 12:16:35,1,1,
2023-03-06 11:14:10,1,2,
2023-03-06 17:44:55,1,2,
2023-03-06 16:43:23,3,2,
2023-03-06 10:35:28,1,2,
2023-03-06 09:15:09,0,2,
2023-03-06 09:54:28,4,1,
2023-03-06 14:15:06,1,1,
2023-03-06 10:59:39,4,1,
2023-03-06 16:55:24,3,-1,0.0
2023-03-06 14:33:32,3,4,
2023-03-06 09:51:11,4,1,
2023-03-06 09:08:16,4,1,
2023-03-06 17:08:24,1,3,
2023-03-06 10:11:59,0,1,
2023-03-06 14:35:00,3,4,
2023-03-06 13:30:23,4,1,
2023-03-06 15:56:09,0,3,
2023-03-06 16:46:36,2,3,
2023-03-06 16:45:11,0,2,
2023-03-06 17:36:52,1,2,
2023-03-06 09:03:22,3,2,
2023-03-06 17:14:14,4,3,
2023-03-06 13:13:46,0,2,
2023-03-06 12:09:12,3,4,
2023-03-06 10:52:26,3,2,
2023-03-06 17:49:55,3,4,
2023-03-06 09:16:25,4,1,
2023-03-06 13:42:38,4,2,
2023-03-06 09:30:05,1,3,
2023-03-06 12:27:14,3,2,
2023-03-06 17:59:53,3,4,
2023-03-06 14:52:42,3,2,
2023-03-06 16:23:35,4,-1,0.0
2023-03-06 10:22:14,3,3,
2023-03-06 14:05:02,1,1,
2023-03-06 10:35:13,2,0,
2023-03-06 16:04:35,0,1,
2023-03-06 15:02:06,1,3,
2023-03-06 13:04:22,1,1,
2023-03-06 17:54:33,0,1,
2023-03-06 13:38:46,0,1,
2023-03-06 17:05:16,3,4,
2023-03-06 08:58:21,2,0,
2023-03-06 10:12:25,1,2,
2023-03-06 15:08:36,3,4,
2023-03-06 14:48:19,2,1,
2023-03-06 11:06:03,1,2,
2023-03-06 16:40:08,3,2,
2023-03-06 15:30:46,4,4,
2023-03-06 16:32:00,1,4,
2023-03-06 08:48:02,4,2,
2023-03-06 08:39:09,3,4,
2023-03-06 16:08:36,0,3,
2023-03-06 10:53:47,3,4,
2023-03-06 11:25:38,3,1,
2023-03-06 12:54:52,2,4,
2023-03-06 14:50:05,0,0,
2023-03-06 13:45:01,1,1,
2023-03-06 11:29:18,3,4,
2023-03-06 13:40:53,4,1,
2023-03-06 16:14:07,1,1,
2023-03-06 13:24:52,0,2,
2023-03-06 12:01:25,1,0,
2023-03-06 13:00:03,4,2,
2023-03-06 15:08:26,4,1,
2023-03-06 13:30:37,4,1,
2023-03-06 18:13:26,4,0,
2023-03-06 09:28:17,1,2,
2023-03-06 16:40:56,1,2,
2023-03-06 12:10:51,3,2,
2023-03-06 13:42:48,0,3,
2023-03-06 13:59:23,4,0,
2023-03-06 10:59:42,2,2,
2023-03-06 09:17:25,4,0,
2023-03-06 17:25:09,4,2,
2023-03-06 13:02:41,3,4,
2023-03-06 12:15:29,2,2,
2023-03-06 16:10:43,4,3,
2023-03-06 11:04:17,1,4,
2023-03-06 10:50:56,4,2,
2023-03-06 09:22:26,4,0,
2023-03-06 15:17:43,4,1,
2023-03-06 16:02:23,2,4,
2023-03-06 14:16:54,4,4,
2023-03-06 17:29:38,4,0,
2023-03-06 09:02:38,4,0,
2023-03-06 09:45:22,2,1,
2023-03-06 10:43:10,3,3,
2023-03-06 15:11:08,3,4,
2023-03-06 09:15:49,0,1,
2023-03-06 14:24:47,3,0,
2023-03-06 17:23:00,3,3,
2023-03-06 17:29:23,0,3,
2023-03-06 16:08:57,4,0,
2023-03-06 09:17:37,3,4,
2023-03-06 09:40:01,4,1,
2023-03-06 12:50:20,3,4,
2023-03-06 14:07:58,0,3,
2023-03-06 14:40:51,0,2,
2023-03-06 15:24:03,2,3,
2023-03-06 09:17:11,2,1,
2023-03-06 09:32:31,2,1,
2023-03-06 16:39:14,3,4,
2023-03-06 16:05:48,3,2,
2023-03-06 12:15:48,3,4,
2023-03-06 14:31:03,4,0,
2023-03-06 16:11:23,4,2,
2023-03-06 16:45:09,4,-1,0.0
2023-03-06 17:44:53,1,1,
2023-03-06 08:48:09,1,3,
2023-03-06 08:52:28,0,-1,0.0
2023-03-06 17:26:47,0,1,
2023-03-06 17:36:54,3,4,
2023-03-06 15:12:59,3,4,
2023-03-06 13:53:40,0,3,
2023-03-06 13:47:19,1,1,
2023-03-06 11:30:29,4,1,
2023-03-06 14:44:02,2,3,
2023-03-06 16:01:51,3,2,
2023-03-06 16:06:18,4,0,
2023-03-06 13:06:54,1,1,
2023-03-06 17:05:02,0,0,
2023-03-06 14:38:51,0,2,
2023-03-06 10:47:53,3,4,
2023-03-06 08:47:56,1,2,
2023-03-06 17:19:05,1,3,
2023-03-06 15:10:01,2,0,
2023-03-06 18:13:04,4,1,
2023-03-06 18:00:43,3,2,
2023-03-06 15:11:55,2,3,
2023-03-06 09:33:23,2,0,
2023-03-06 08:40:07,3,4,
2023-03-06 10:57:13,0,2,
2023-03-06 16:23:08,4,0,
2023-03-06 11:06:38,3,4,
2023-03-06 16:02:39,1,3,
2023-03-06 13:08:24,2,2,
2023-03-06 08:42:37,1,3,
2023-03-06 13:05:56,4,1,
2023-03-06 14:21:06,0,3,
2023-03-06 09:20:16,2,1,
2023-03-06 13:39:11,0,2,
2023-03-06 17:49:12,4,2,
2023-03-06 15:46:38,4,0,
2023-03-06 16:16:08,4,0,
2023-03-06 16:28:54,3,3,
2023-03-06 16:22:51,3,4,
2023-03-06 14:10:24,4,1,
2023-03-06 14:43:14,4,2,
2023-03-06 17:44:57,1,2,
2023-03-06 18:08:32,3,3,
2023-03-06 16:19:06,4,0,
2023-03-06 15:34:30,3,2,
2023-03-06 10:13:43,4,2,
2023-03-06 14:25:17,3,-1,0.0
2023-03-06 14:22:54,2,3,
2023-03-06 10:31:01,1,2,
2023-03-06 13:06:44,1,3,
2023-03-06 08:41:45,4,4,
2023-03-06 10:23:22,4,1,
2023-03-06 11:31:12,3,4,
2023-03-06 16:15:01,1,1,
2023-03-06 14:03:07,3,4,
2023-03-06 15:22:50,0,1,
2023-03-06 14:53:32,2,1,
2023-03-06 12:12:35,4,1,
2023-03-06 08:32:53,4,2,
2023-03-06 11:30:57,4,1,
2023-03-06 10:17:32,2,0,
2023-03-06 12:38:28,4,0,
2023-03-06 10:04:03,2,0,
2023-03-06 15:37:10,4,1,
2023-03-06 16:25:43,4,1,
2023-03-06 13:04:01,0,1,
2023-03-06 14:22:30,1,4,
2023-03-06 16:10:17,4,1,
2023-03-06 18:01:26,2,1,
2023-03-06 17:58:24,0,4,
2023-03-06 11:13:07,0,3,
2023-03-06 10:38:10,2,-1,0.0
2023-03-06 17:48:52,1,1,
2023-03-06 14:33:13,3,3,
2023-03-06 14:22:36,3,4,
2023-03-06 15:06:11,1,1,
2023-03-06 17:42:48,4,1,
2023-03-06 18:05:20,3,-1,0.0
2023-03-06 14:59:25,4,0,
2023-03-06 08:38:15,2,1,
2023-03-06 08:44:09,0,3,
2023-03-06 13:55:04,0,2,
2023-03-06 11:23:35,1,2,
2023-03-06 12:24:50,4,0,
2023-03-06 09:48:32,4,2,
2023-03-06 10:24:17,3,4,
2023-03-06 09:49:52,2,4,
2023-03-06 10:32:59,1,1,
2023-03-06 14:15:41,3,1,
2023-03-06 13:12:08,0,3,
2023-03-06 11:47:47,2,2,
2023-03-06 09:32:30,0,-1,0.0
2023-03-06 16:55:52,4,-1,0.0
2023-03-06 11:34:42,0,3,
2023-03-06 08:58:49,0,0,
2023-03-06 18:12:44,3,4,
2023-03-06 11:56:08,4,0,
2023-03-06 13:13:14,1,2,
2023-03-06 15:54:53,4,1,
2023-03-06 09:44:42,0,2,
2023-03-06 16:25:31,1,3,
2023-03-06 14:42:16,0,0,
2023-03-06 12:35:57,3,4,
2023-03-06 10:49:34,3,-1,0.0
2023-03-06 13:25:36,4,1,
2023-03-06 09:11:59,2,0,
2023-03-06 13:55:25,1,3,
2023-03-06 13:46:22,2,2,
2023-03-06 11:46:38,2,2,
2023-03-06 18:09:27,3,2,
2023-03-06 12:44:49,2,2,
2023-03-06 09:37:04,0,1,
2023-03-06 12:14:10,3,3,
2023-03-06 15:11:10,3,3,
2023-03-06 13:54:44,4,0,
2023-03-06 11:37:25,0,3,
2023-03-06 13:39:54,2,0,
2023-03-06 13:55:39,4,4,
2023-03-06 09:28:32,1,1,
2023-03-06 15:46:30,4,2,
2023-03-06 13:56:07,1,1,
2023-03-06 09:12:01,4,0,
2023-03-06 15:09:09,1,1,
2023-03-06 09:14:53,4,2,
2023-03-06 15:26:51,4,0,
2023-03-06 09:21:50,2,1,
2023-03-06 11:18:45,4,1,
2023-03-06 15:07:19,1,2,
2023-03-06 13:35:38,2,0,
2023-03-06 17:13:50,3,2,
2023-03-06 15:00:32,0,1,
2023-03-06 13:48:30,0,2,
2023-03-06 17:26:05,0,2,
2023-03-06 13:00:08,3,4,
2023-03-06 17:24:03,3,4,
2023-03-06 18:01:12,0,2,
2023-03-06 08:31:08,1,1,
2023-03-06 13:45:50,1,4,
2023-03-06 16:40:04,3,4,
2023-03-06 13:55:22,4,1,
2023-03-06 15:36:01,4,2,
2023-03-06 15:29:54,1,2,
2023-03-06 08:36:00,0,2,
2023-03-06 17:33:49,2,0,
2023-03-06 08:31:57,0,4,
2023-03-06 10:23:14,4,4,
2023-03-06 13:20:40,4,0,
2023-03-06 12:11:02,2,-1,0.0
2023-03-06 17:57:35,4,0,
2023-03-06 16:03:34,4,0,
2023-03-06 16:38:40,2,1,
2023-03-06 10:29:15,3,4,
2023-03-06 09:14:25,3,3,
2023-03-06 10:35:16,4,3,
2023-03-06 08:42:25,3,3,
2023-03-06 18:08:12,2,1,
2023-03-06 13:07:38,1,3,
2023-03-06 13:09:46,3,3,
2023-03-06 10:17:46,4,0,
2023-03-06 15:35:26,3,2,
2023-03-06 10:06:38,4,1,
2023-03-06 17:14:46,0,1,
2023-03-06 17:12:54,1,0,
2023-03-06 11:53:13,2,4,
2023-03-06 10:42:59,4,0,
2023-03-06 14:48:46,1,2,
2023-03-06 15:35:47,0,1,
2023-03-06 14:59:29,4,0,
2023-03-06 16:13:13,4,2,
2023-03-06 17:42:23,4,2,
2023-03-06 09:03:05,2,0,
2023-03-06 09:39:42,1,4,
2023-03-06 10:50:06,3,4,
2023-03-06 13:09:03,3,4,
2023-03-06 11:41:43,4,1,
2023-03-06 11:52:54,1,4,
2023-03-06 15:11:48,2,0,
2023-03-06 09:33:28,4,1,
2023-03-06 15:06:32,4,2,
2023-03-06 14:24:13,3,2,
2023-03-06 13:54:29,3,2,
2023-03-06 16:43:03,2,-1,0.0
2023-03-06 14:01:57,2,4,
2023-03-06 10:42:41,3,2,
2023-03-06 17:02:21,3,4,
2023-03-06 12:22:23,0,2,
2023-03-06 13:50:24,1,3,
2023-03-06 13:45:49,4,2,
2023-03-06 12:14:48,2,3,
2023-03-06 16:17:05,3,2,
2023-03-06 15:49:11,0,1,
2023-03-06 10:39:57,3,4,
2023-03-06 11:50:05,4,2,
2023-03-06 14:42:09,2,0,
2023-03-06 10:03:21,3,2,
2023-03-06 10:29:56,2,2,
2023-03-06 14:17:32,4,2,
2023-03-06 17:46:46,3,4,
2023-03-06 08:48:58,4,3,
2023-03-06 11:32:39,1,4,
2023-03-06 12:35:59,3,2,
2023-03-06 13:28:20,2,1,
2023-03-06 17:17:20,3,3,
2023-03-06 10:04:08,3,4,
2023-03-06 18:12:44,3,4,
2023-03-06 15:05:24,4,0,
2023-03-06 10:30:38,2,4,
2023-03-06 14:20:34,4,0,
2023-03-06 12:46:31,1,2,
2023-03-06 14:31:48,1,-1,0.0
2023-03-06 17:08:47,3,4,
2023-03-06 15:35:02,0,2,
2023-03-06 15:46:28,4,0,
2023-03-06 17:18:24,1,2,
2023-03-06 12:23:06,2,2,
2023-03-06 11:07:14,3,-1,0.0
2023-03-06 08:36:36,1,2,
2023-03-06 13:31:03,0,1,
2023-03-06 10:01:26,4,2,
2023-03-06 10:27:28,1,1,
2023-03-06 16:11:17,4,1,
2023-03-06 17:01:31,4,0,
2023-03-06 13:07:00,2,3,
2023-03-06 13:36:53,2,3,
2023-03-06 11:12:33,4,4,
2023-03-06 09:22:59,2,0,
2023-03-06 10:34:11,0,3,
2023-03-06 09:00:29,0,2,
2023-03-06 12:54:42,3,4,
2023-03-06 09:58:55,2,0,
2023-03-06 18:08:35,4,2,
2023-03-06 16:05:37,2,4,
2023-03-06 09:42:42,4,1,
2023-03-06 09:03:23,2,1,
2023-03-06 11:11:46,1,2,
2023-03-06 13:15:50,1,2,
2023-03-06 11:52:44,1,3,
2023-03-06 09:02:25,3,-1,0.0
2023-03-06 17:31:30,2,2,
2023-03-06 11:59:18,3,-1,0.0
2023-03-06 17:28:00,2,0,
2023-03-06 16:14:17,0,0,
2023-03-06 14:06:09,1,2,
2023-03-06 13:04:47,3,3,
2023-03-06 10:48:52,4,0,
2023-03-06 09:50:18,1,3,
2023-03-06 09:18:20,4,0,
2023-03-06 10:38:27,4,1,
2023-03-06 17:25:38,2,3,
2023-03-06 14:23:40,1,0,
2023-03-06 14:45:14,4,2,
2023-03-06 11:45:00,1,2,
2023-03-06 11:57:34,0,2,
2023-03-06 12:03:13,3,0,
2023-03-06 11:55:08,3,4,
2023-03-06 13:01:06,4,0,
2023-03-06 16:55:43,2,0,
2023-03-06 10:15:32,2,0,
2023-03-06 10:38:11,3,3,
2023-03-06 10:10:55,3,3,
2023-03-06 16:13:11,3,2,
2023-03-06 17:06:52,0,3,
2023-03-06 17:28:03,4,0,
2023-03-06 09:28:06,2,2,
2023-03-06 13:16:33,3,4,
2023-03-06 09:26:48,2,-1,0.0
2023-03-06 15:53:53,2,1,
2023-03-06 10:55:03,3,3,
2023-03-06 09:40:56,1,1,
2023-03-06 14:13:02,2,1,
2023-03-06 13:11:02,0,0,
2023-03-06 08:51:33,3,4,
2023-03-06 12:14:30,4,2,
2023-03-06 15:55:16,1,1,
2023-03-06 09:34:23,2,1,
2023-03-06 10:24:15,3,4,
2023-03-06 11:13:03,3,2,
2023-03-06 11:47:32,3,3,
2023-03-06 10:10:22,2,0,
2023-03-06 13:52:35,1,3,
2023-03-06 11:06:40,3,0,
2023-03-06 13:39:23,0,2,
2023-03-06 17:27:42,1,3,
2023-03-06 10:13:07,4,3,
2023-03-06 14:56:56,2,0,
2023-03-06 09:19:57,3,3,
2023-03-06 08:34:58,1,1,
2023-03-06 15:54:57,2,2,
2023-03-06 17:39:13,3,2,
2023-03-06 17:07:05,1,2,
2023-03-06 08:36:24,2,0,
2023-03-06 17:40:53,3,2,
2023-03-06 14:21:05,4,4,
2023-03-06 16:55:24,4,0,
2023-03-06 17:51:34,0,1,
2023-03-06 10:17:10,1,2,
2023-03-06 15:31:00,1,1,
2023-03-06 13:44:53,1,2,
2023-03-06 09:25:37,4,1,
2023-03-06 17:27:50,0,3,
2023-03-06 10:38:55,0,3,
2023-03-06 11:36:51,0,1,
2023-03-06 08:48:41,1,3,
2023-03-06 12:38:23,3,3,
2023-03-06 14:25:09,0,1,
2023-03-06 14:12:06,1,1,
2023-03-06 13:54:49,0,1,
2023-03-06 14:39:11,0,0,
2023-03-06 10:11:29,2,3,
2023-03-06 17:59:57,3,2,
2023-03-06 08:37:14,1,1,
2023-03-06 10:29:32,1,2,
2023-03-06 16:03:03,0,4,
2023-03-06 17:26:23,0,3,
2023-03-06 14:37:39,1,3,
2023-03-06 16:34:33,4,0,
2023-03-06 09:02:00,0,1,
2023-03-06 14:48:48,0,1,
2023-03-06 13:14:48,0,0,
2023-03-06 09:56:53,3,1,
2023-03-06 08:52:19,4,1,
2023-03-06 17:14:02,3,4,
2023-03-06 10:28:20,1,3,
2023-03-06 11:23:12,0,4,
2023-03-06 14:08:51,1,1,
2023-03-06 13:21:39,1,2,
2023-03-06 10:34:52,0,3,
2023-03-06 14:51:33,3,2,
2023-03-06 13:50:33,3,4,
2023-03-06 11:00:31,3,4,
2023-03-06 10:59:55,2,0,
2023-03-06 12:44:39,4,4,
2023-03-06 11:40:45,3,3,
2023-03-06 18:07:19,3,0,
2023-03-06 09:57:34,3,4,
2023-03-06 08:58:23,3,4,
2023-03-06 13:32:37,3,4,
2023-03-06 16:51:16,1,-1,0.0
2023-03-06 16:50:08,1,3,
2023-03-06 15:45:03,2,0,
2023-03-06 14:03:16,1,1,
2023-03-06 14:56:02,0,4,
2023-03-06 09:25:56,3,2,
2023-03-06 15:33:17,1,3,
2023-03-06 09:57:27,3,4,
2023-03-06 17:04:18,0,3,
2023-03-06 14:49:34,3,2,
2023-03-06 10:57:26,0,3,
2023-03-06 14:19:33,0,0,
2023-03-06 13:20:11,3,0,
2023-03-06 15:53:56,4,1,
2023-03-06 13:37:20,3,4,
2023-03-06 17:52:55,0,4,
2023-03-06 12:06:19,1,1,
2023-03-06 10:10:20,0,3,
2023-03-06 12:53:10,1,1,
2023-03-06 12:03:55,4,2,
2023-03-06 09:36:02,1,1,
2023-03-06 12:40:25,2,4,
2023-03-06 15:06:23,0,2,
2023-03-06 14:55:39,1,0,
2023-03-06 17:25:34,1,3,
2023-03-06 11:04:07,3,-1,0.0
2023-03-06 15:04:10,4,2,
2023-03-06 12:30:39,4,1,
2023-03-06 09:05:16,0,3,
2023-03-06 16:22:31,3,4,
2023-03-06 08:32:46,0,2,
2023-03-06 16:59:19,4,1,
2023-03-06 09:09:10,3,3,
2023-03-06 10:57:33,4,2,
2023-03-06 09:39:45,4,2,
2023-03-06 18:10:44,2,0,
2023-03-06 14:24:31,0,1,
2023-03-06 16:06:21,4,0,
2023-03-06 10:46:01,4,1,
2023-03-06 15:34:52,3,2,
2023-03-06 11:41:08,4,0,
2023-03-06 09:39:36,3,4,
2023-03-06 17:19:25,2,0,
2023-03-06 09:46:48,3,3,
2023-03-06 13:07:33,1,1,
2023-03-06 10:50:22,2,0,
2023-03-06 10:50:16,0,4,
2023-03-06 17:00:10,0,3,
2023-03-06 16:35:49,2,2,
2023-03-06 09:27:01,2,3,
2023-03-06 17:56:44,1,1,
2023-03-06 12:04:22,4,0,
2023-03-06 16:25:48,1,3,
2023-03-06 16:07:10,4,0,
2023-03-06 09:58:51,3,2,
2023-03-06 08:40:09,2,1,
2023-03-06 13:06:56,2,0,
2023-03-06 09:44:13,1,2,
2023-03-06 15:59:44,4,0,
2023-03-06 10:10:58,4,2,
2023-03-06 13:16:32,3,0,
2023-03-06 14:00:21,3,4,
2023-03-06 17:19:22,3,4,
2023-03-06 14:02:54,3,2,
2023-03-06 10:28:25,0,2,
2023-03-06 13:29:18,4,0,
2023-03-06 17:20:17,4,1,
2023-03-06 11:39:15,3,3,
2023-03-06 14:07:49,3,4,
2023-03-06 16:50:54,4,4,
2023-03-06 08:49:33,2,2,
2023-03-06 12:54:16,3,2,
2023-03-06 15:28:48,4,1,
2023-03-06 15:09:58,3,4,
2023-03-06 12:49:52,0,3,
2023-03-06 14:20:10,4,0,
2023-03-06 12:44:35,4,3,
2023-03-06 09:00:57,2,4,
2023-03-06 18:09:30,3,-1,0.0
2023-03-06 13:11:24,1,1,
2023-03-06 10:06:10,1,1,
2023-03-06 09:05:39,4,3,
2023-03-06 11:45:44,3,3,
2023-03-06 15:59:39,1,3,
2023-03-06 14:46:59,2,0,
2023-03-06 08:42:56,1,1,
2023-03-06 12:18:15,4,3,
2023-03-06 14:26:01,0,2,
2023-03-06 11:14:51,3,3,
2023-03-06 13:16:21,0,0,
2023-03-06 12:06:01,4,0,
2023-03-06 12:53:35,1,2,
2023-03-06 10:37:47,3,3,
2023-03-06 18:07:57,4,2,
2023-03-06 12:22:46,1,1,
2023-03-06 12:06:17,3,3,
2023-03-06 10:48:30,0,3,
2023-03-06 15:52:06,1,2,
2023-03-06 15:17:11,1,1,
2023-03-06 14:33:26,2,4,
2023-03-06 15:53:47,1,3,
2023-03-06 14:19:16,3,4,
2023-03-06 14:10:09,0,3,
2023-03-06 15:30:01,4,2,
2023-03-06 08:44:39,1,1,
2023-03-06 09:04:22,0,2,
2023-03-06 10:40:16,2,0,
2023-03-06 11:47:11,0,1,
2023-03-06 17:56:12,1,2,
2023-03-06 12:58:47,2,0,
2023-03-06 16:54:27,2,2,
2023-03-06 16:38:52,1,3,
2023-03-06 18:01:07,1,2,
2023-03-06 10:00:55,3,4,
2023-03-06 09:25:40,4,4,
2023-03-06 08:52:14,3,0,
2023-03-06 17:51:40,2,1,
2023-03-06 11:16:15,4,2,
2023-03-06 16:15:22,3,3,
2023-03-06 16:21:08,3,4,
2023-03-06 16:38:17,1,4,
2023-03-06 16:00:02,1,1,
2023-03-06 16:44:56,3,3,
2023-03-06 16:34:21,0,2,
2023-03-06 11:57:01,1,1,
2023-03-06 12:07:34,0,2,
2023-03-06 11:56:49,0,3,
2023-03-06 09:11:33,1,2,
2023-03-06 09:40:53,3,4,
2023-03-06 16:53:06,1,1,
2023-03-06 12:09:34,3,4,
2023-03-06 16:57:13,4,0,
2023-03-06 09:45:15,0,2,
2023-03-06 11:55:19,2,-1,1.0
2023-03-06 13:58:44,4,2,
2023-03-06 17:50:27,3,2,
2023-03-06 10:49:25,3,1,
2023-03-06 10:37:28,3,3,
2023-03-06 17:02:57,4,2,
2023-03-06 15:26:52,4,2,
2023-03-06 15:26:27,4,-1,0.0
2023-03-06 11:43:52,4,1,
2023-03-06 10:42:00,3,3,
2023-03-06 17:38:03,4,0,
2023-03-06 09:50:41,3,3,
2023-03-06 09:51:46,4,4,
2023-03-06 17:39:05,1,2,
2023-03-06 14:22:22,0,3,
2023-03-06 11:15:03,0,0,
2023-03-06 18:00:34,0,2,
2023-03-06 10:41:11,1,1,
2023-03-06 14:59:05,1,2,
2023-03-06 18:05:29,4,2,
2023-03-06 09:48:35,2,1,
2023-03-06 12:45:29,2,4,
2023-03-06 17:55:41,3,2,
2023-03-06 10:10:30,1,2,
2023-03-06 16:30:54,1,3,
2023-03-06 17:36:57,3,0,
2023-03-06 18:13:20,3,3,
2023-03-06 13:19:05,1,3,
2023-03-06 13:22:47,2,1,
2023-03-06 12:25:43,3,3,
2023-03-06 09:28:48,2,2,
2023-03-06 11:12:51,2,4,
2023-03-06 15:30:17,4,4,
2023-03-06 14:37:30,0,2,
2023-03-06 14:19:36,1,2,
2023-03-06 14:02:50,4,1,
2023-03-06 12:40:44,1,2,
2023-03-06 11:45:09,3,2,
2023-03-06 13:52:47,4,0,
2023-03-06 17:39:35,3,3,
2023-03-06 08:46:22,4,1,
2023-03-06 11:36:41,4,2,
2023-03-06 13:02:58,2,3,
2023-03-06 15:13:49,1,1,
2023-03-06 11:05:51,1,1,
2023-03-06 16:13:17,0,2,
2023-03-06 10:19:18,1,3,
2023-03-06 09:29:38,4,3,
2023-03-06 08:43:49,4,1,
2023-03-06 13:21:12,4,0,
2023-03-06 11:27:33,2,3,
2023-03-06 12:14:28,3,3,
2023-03-06 17:59:32,3,2,
2023-03-06 11:24:40,4,2,
2023-03-06 14:33:11,1,0,
2023-03-06 09:43:53,3,-1,0.0
2023-03-06 11:51:13,3,4,
2023-03-06 14:50:36,0,1,
2023-03-06 15:11:11,4,-1,0.0
2023-03-06 09:22:01,4,4,
2023-03-06 13:44:23,1,3,
2023-03-06 14:46:39,2,3,
2023-03-06 11:28:37,0,4,
2023-03-06 14:04:32,2,1,
2023-03-06 12:20:49,2,2,
2023-03-06 15:25:06,3,4,
2023-03-06 13:12:09,3,3,
2023-03-06 15:51:10,0,2,
2023-03-06 13:19:36,1,2,
2023-03-06 10:01:17,4,0,
2023-03-06 17:02:21,4,0,
2023-03-06 16:03:36,3,4,
2023-03-06 10:19:04,1,1,
2023-03-06 12:48:48,1,2,
2023-03-06 15:00:54,4,1,
2023-03-06 17:12:46,1,3,
2023-03-06 16:32:44,2,0,
2023-03-06 15:39:05,3,3,
2023-03-06 10:23:44,0,3,
2023-03-06 10:49:13,4,0,
2023-03-06 10:17:27,1,1,
2023-03-06 11:54:12,1,2,
2023-03-06 16:08:59,4,1,
2023-03-06 10:05:26,1,1,
2023-03-06 09:15:30,1,4,
2023-03-06 17:24:50,2,0,
2023-03-06 11:00:09,2,1,
2023-03-06 10:48:46,3,0,
2023-03-06 10:44:54,4,1,
2023-03-06 09:12:06,2,0,
2023-03-06 12:29:53,4,0,
2023-03-06 15:10:36,0,0,
2023-03-06 12:13:48,4,3,
2023-03-06 14:32:14,4,1,
2023-03-06 17:25:21,3,0,
2023-03-06 12:00:20,4,2,
2023-03-06 17:00:48,2,1,
2023-03-06 13:02:28,4,1,
2023-03-06 11:41:12,3,0,
2023-03-06 13:58:13,3,2,
2023-03-06 10:41:14,3,2,
2023-03-06 08:46:00,4,3,
2023-03-06 09:58:57,3,3,
2023-03-06 09:36:34,1,3,
2023-03-06 12:41:59,2,1,
2023-03-06 11:02:55,3,2,
2023-03-06 10:05:46,1,2,
2023-03-06 12:11:43,1,3,
2023-03-06 15:44:49,3,3,
2023-03-06 14:03:08,3,2,
2023-03-06 12:02:16,3,2,
2023-03-06 14:19:37,0,1,
2023-03-06 10:59:23,0,2,
2023-03-06 13:18:53,1,3,
2023-03-06 13:29:30,0,2,
2023-03-06 09:31:54,4,2,
2023-03-06 10:54:18,3,2,
2023-03-06 11:17:53,1,1,
2023-03-06 15:31:59,2,1,
2023-03-06 09:59:51,1,2,
2023-03-06 09:09:52,3,2,
2023-03-06 08:32:26,3,2,
2023-03-06 17:49:02,4,2,
2023-03-06 14:11:46,2,1,
2023-03-06 11:47:02,3,3,
2023-03-06 15:14:21,2,1,
2023-03-06 14:36:08,3,3,
2023-03-06 13:59:27,3,2,
2023-03-06 16:09:46,1,1,
2023-03-06 17:31:45,0,1,
2023-03-06 16:37:04,1,3,
2023-03-06 10:17:33,3,0,
2023-03-06 13:10:11,3,4,
2023-03-06 10:29:51,1,3,
2023-03-06 17:11:22,4,0,
2023-03-06 15:53:12,0,3,
2023-03-06 17:24:18,4,0,
2023-03-06 09:04:26,2,1,
2023-03-06 15:14:56,2,1,
2023-03-06 13:03:58,4,0,
2023-03-06 18:08:06,0,1,
2023-03-06 15:30:44,1,1,
2023-03-06 14:34:13,1,2,
2023-03-06 12:44:08,3,2,
2023-03-06 12:12:41,4,0,
2023-03-06 14:59:00,3,3,
2023-03-06 16:13:48,4,0,
2023-03-06 16:59:16,3,3,
2023-03-06 09:10:06,4,2,
2023-03-06 10:28:00,4,0,
2023-03-06 14:57:26,3,2,
2023-03-06 12:30:54,0,0,
2023-03-06 11:17:56,1,2,
2023-03-06 14:34:05,3,4,
2023-03-06 17:06:15,3,2,
2023-03-06 16:14:02,3,4,
2023-03-06 13:27:22,4,0,
2023-03-06 14:25:11,3,3,
2023-03-06 16:15:25,1,1,
2023-03-06 18:13:20,1,1,
2023-03-06 08:38:29,3,3,
2023-03-06 09:03:47,2,3,
2023-03-06 18:13:59,4,1,
2023-03-06 14:15:11,4,2,
2023-03-06 13:11:32,3,3,
2023-03-06 13:17:25,2,4,
2023-03-06 11:44:46,1,1,
2023-03-06 13:45:24,4,0,
2023-03-06 18:00:02,3,4,
2023-03-06 12:59:32,2,3,
2023-03-06 14:38:15,4,1,
2023-03-06 13:36:08,4,1,
2023-03-06 17:39:07,2,0,
2023-03-06 11:19:48,1,2,
2023-03-06 11:01:59,1,3,
2023-03-06 14:01:12,3,2,
2023-03-06 14:15:35,1,0,
2023-03-06 13:54:43,1,2,
2023-03-06 11:55:29,3,4,
2023-03-06 16:16:53,0,2,
2023-03-06 10:01:11,4,2,
2023-03-06 17:15:33,1,1,
2023-03-06 09:42:08,3,4,
2023-03-06 17:31:55,1,2,
2023-03-06 09:37:11,2,1,
2023-03-06 10:51:48,2,0,
2023-03-06 12:46:42,1,1,
2023-03-06 12:50:21,2,1,
2023-03-06 16:09:36,3,3,
2023-03-06 16:25:23,0,2,
2023-03-06 11:25:21,3,2,
2023-03-06 09:21:34,2,2,
2023-03-06 17:15:50,0,4,
2023-03-06 15:41:31,1,3,
2023-03-06 08:43:43,2,1,
2023-03-06 17:06:19,2,0,
2023-03-06 14:00:58,2,1,
2023-03-06 11:06:09,2,0,
2023-03-06 13:08:47,2,2,
2023-03-06 14:54:46,1,-1,0.0
2023-03-06 09:02:17,3,1,
2023-03-06 17:29:54,2,3,
2023-03-06 15:06:27,4,2,
2023-03-06 10:50:45,2,2,
2023-03-06 10:04:54,2,1,
2023-03-06 12:22:21,1,4,
2023-03-06 15:45:11,3,2,
2023-03-06 10:12:53,1,1,
2023-03-06 09:57:26,4,4,
2023-03-06 10:24:49,0,2,
2023-03-06 14:48:47,0,1,
2023-03-06 14:25:06,4,1,
2023-03-06 17:05:31,0,2,
2023-03-06 12:59:40,0,2,
2023-03-06 18:07:37,0,3,
2023-03-06 13:02:33,0,4,
2023-03-06 10:44:13,4,2,
2023-03-06 17:51:00,0,2,
2023-03-06 11:23:33,3,-1,0.0
2023-03-06 09:26:17,1,2,
2023-03-06 18:11:03,4,0,
2023-03-06 12:12:21,2,3,
2023-03-06 13:10:50,2,3,
2023-03-06 16:20:29,1,2,
2023-03-06 14:54:51,2,1,
2023-03-06 11:26:14,0,1,
2023-03-06 16:04:47,0,2,
2023-03-06 10:23:32,1,2,
2023-03-06 12:58:21,2,0,
2023-03-06 13:24:25,4,2,
2023-03-06 14:34:29,1,1,
2023-03-06 09:09:29,4,0,
2023-03-06 14:48:26,1,2,
2023-03-06 16:19:41,4,1,
2023-03-06 14:38:46,4,1,
2023-03-06 13:22:39,1,2,
2023-03-06 10:15:40,3,4,
2023-03-06 10:21:45,0,1,
2023-03-06 16:46:21,1,0,
2023-03-06 14:34:44,1,1,
2023-03-06 18:14:25,2,0,
2023-03-06 11:58:27,2,0,
2023-03-06 09:18:32,2,3,
2023-03-06 14:27:21,2,1,
2023-03-06 17:22:12,1,2,
2023-03-06 17:31:15,2,0,
2023-03-06 16:27:26,0,1,
2023-03-06 17:27:07,2,1,
2023-03-06 16:37:58,0,3,
2023-03-06 15:48:22,4,1,
2023-03-06 10:41:43,3,4,
2023-03-06 08:38:09,3,2,
2023-03-06 15:51:51,2,1,
2023-03-06 10:40:36,0,1,
2023-03-06 12:40:39,3,4,
2023-03-06 10:42:37,1,2,
2023-03-06 14:34:23,3,2,
2023-03-06 16:46:12,3,3,
2023-03-06 14:05:03,4,0,
2023-03-06 13:44:01,1,2,
2023-03-06 08:45:14,3,3,
2023-03-06 09:18:16,4,0,
2023-03-06 08:56:58,3,4,
2023-03-06 12:07:09,1,1,
2023-03-06 15:19:46,0,-1,0.0
2023-03-06 12:52:39,2,2,
2023-03-06 14:48:04,1,2,
2023-03-06 10:24:17,1,2,
2023-03-06 14:22:40,1,1,
2023-03-06 13:33:52,1,2,
2023-03-06 14:54:22,0,1,
2023-03-06 10:08:03,0,1,
2023-03-06 12:56:22,4,1,
2023-03-06 12:52:12,0,1,
2023-03-06 12:50:40,0,3,
2023-03-06 16:26:11,2,1,
2023-03-06 10:34:53,4,0,
2023-03-06 12:33:20,0,3,
2023-03-06 15:37:57,4,1,
2023-03-06 12:54:57,1,2,
2023-03-06 09:16:55,0,2,
2023-03-06 17:30:57,2,1,
2023-03-06 08:44:28,2,3,
2023-03-06 12:45:23,2,0,
2023-03-06 08:59:21,3,4,
2023-03-06 16:56:28,4,0,
2023-03-06 12:32:10,2,1,
2023-03-06 11:38:22,0,2,
2023-03-06 17:18:37,3,4,
2023-03-06 11:46:05,2,1,
2023-03-06 15:23:52,4,0,
2023-03-06 15:21:17,2,2,
2023-03-06 17:45:57,4,2,
2023-03-06 13:38:55,0,-1,0.0
2023-03-06 11:10:03,4,1,
2023-03-06 17:13:47,1,1,
2023-03-06 13:59:45,3,2,
2023-03-06 13:37:31,3,3,
2023-03-06 11:06:28,3,4,
2023-03-06 09:48:34,3,4,
2023-03-06 10:29:38,3,3,
2023-03-06 12:52:59,1,1,
2023-03-06 08:53:11,4,1,
2023-03-06 11:03:08,0,3,
2023-03-06 12:34:46,2,1,
2023-03-06 16:34:57,3,2,
2023-03-06 10:28:23,4,0,
2023-03-06 12:44:00,4,0,
2023-03-06 09:20:18,3,2,
2023-03-06 14:17:01,0,0,
2023-03-06 09:42:52,3,3,
2023-03-06 12:43:39,3,2,
2023-03-06 18:11:24,4,4,
2023-03-06 15:58:38,3,4,
2023-03-06 10:52:34,2,2,
2023-03-06 09:02:26,3,4,
2023-03-06 16:40:06,1,3,
2023-03-06 12:09:29,4,0,
2023-03-06 14:11:55,1,1,
2023-03-06 11:16:43,3,4,
2023-03-06 16:36:44,2,3,
2023-03-06 11:25:39,4,0,
2023-03-06 16:30:29,4,1,
2023-03-06 13:11:35,3,2,
2023-03-06 12:23:10,4,1,
2023-03-06 16:31:22,4,1,
2023-03-06 12:47:32,4,2,
2023-03-06 11:44:23,3,3,
2023-03-06 11:06:06,3,3,
2023-03-06 17:22:16,2,1,
2023-03-06 13:11:48,3,3,
2023-03-06 10:04:39,3,4,
2023-03-06 12:19:19,3,3,
2023-03-06 12:24:21,3,4,
2023-03-06 15:49:37,3,0,
2023-03-06 18:11:20,0,0,
2023-03-06 18:03:32,3,1,
2023-03-06 10:04:23,2,1,
2023-03-06 10:21:28,2,1,
2023-03-06 13:28:38,1,1,
2023-03-06 13:01:30,3,0,
2023-03-06 10:28:30,1,0,
2023-03-06 11:20:40,3,4,
2023-03-06 08:41:33,2,1,
2023-03-06 17:21:22,2,2,
2023-03-06 14:51:07,1,2,
2023-03-06 08:30:41,4,3,
2023-03-06 15:43:56,3,2,
2023-03-06 11:11:37,2,3,
2023-03-06 12:16:01,1,0,
2023-03-06 08:52:30,4,3,
2023-03-06 11:32:36,3,-1,0.0
2023-03-06 11:53:15,1,0,
2023-03-06 18:12:03,2,0,
2023-03-06 14:05:36,3,1,
2023-03-06 09:42:31,3,4,
2023-03-06 16:43:46,3,3,
2023-03-06 08:47:56,1,3,
2023-03-06 12:27:55,3,2,
2023-03-06 11:42:13,1,2,
2023-03-06 16:07:36,2,0,
2023-03-06 17:31:55,2,1,
2023-03-06 10:30:57,4,1,
2023-03-06 13:09:16,3,4,
2023-03-06 11:35:07,2,1,
2023-03-06 11:37:42,4,0,
2023-03-06 09:02:54,3,2,
2023-03-06 08:41:57,2,0,
2023-03-06 16:29:08,0,3,
2023-03-06 10:47:35,2,1,
2023-03-06 15:15:55,4,0,
2023-03-06 16:41:51,4,4,
2023-03-06 17:32:23,1,0,
2023-03-06 15:43:49,1,1,
2023-03-06 08:45:46,1,2,
2023-03-06 17:47:56,1,2,
2023-03-06 10:44:34,3,2,
2023-03-06 16:29:48,3,4,
2023-03-06 11:32:36,0,3,
2023-03-06 09:48:33,4,1,
2023-03-06 13:26:12,3,2,
2023-03-06 12:36:02,4,0,
2023-03-06 09:41:19,2,1,
2023-03-06 13:13:35,1,1,
2023-03-06 11:38:54,4,0,
2023-03-06 09:35:46,2,2,
2023-03-06 18:04:25,0,3,
2023-03-06 13:50:20,1,2,
2023-03-06 14:37:05,4,2,
2023-03-06 12:07:19,4,0,
2023-03-06 10:19:43,2,0,
2023-03-06 09:59:40,4,1,
2023-03-06 09:09:14,4,1,
2023-03-06 11:07:55,0,2,
2023-03-06 17:58:14,1,1,
2023-03-06 17:20:55,4,1,
2023-03-06 16:14:23,1,0,
2023-03-06 13:47:37,2,1,
2023-03-06 10:32:40,3,2,
2023-03-06 08:52:29,1,2,
2023-03-06 13:25:15,2,4,
2023-03-06 15:33:24,4,0,
2023-03-06 13:44:27,4,2,
2023-03-06 12:06:42,1,1,
2023-03-06 08:36:54,3,3,
2023-03-06 10:55:56,3,0,
2023-03-06 16:21:09,1,2,
2023-03-06 16:50:25,1,2,
2023-03-06 14:55:35,0,3,
2023-03-06 14:04:57,3,3,
2023-03-06 10:44:12,3,4,
2023-03-06 10:16:56,4,1,
2023-03-06 15:33:23,3,0,
2023-03-06 18:01:23,0,1,
2023-03-06 15:05:30,3,4,
2023-03-06 11:53:49,3,4,
2023-03-06 17:20:39,4,0,
2023-03-06 14:03:38,3,2,
2023-03-06 08:43:52,1,2,
2023-03-06 15:13:39,4,1,
2023-03-06 13:01:32,1,1,
2023-03-06 10:09:27,1,2,
2023-03-06 15:19:50,2,0,
2023-03-06 15:05:30,3,4,
2023-03-06 17:13:09,1,1,
2023-03-06 13:39:37,1,2,
2023-03-06 09:17:54,2,3,
2023-03-06 09:16:16,4,0,
2023-03-06 17:10:12,3,4,
2023-03-06 12:35:41,0,1,
2023-03-06 12:36:28,0,3,
2023-03-06 10:55:42,0,0,
2023-03-06 11:15:01,3,1,
2023-03-06 12:20:20,4,1,
2023-03-06 16:43:22,1,1,
2023-03-06 14:51:35,3,2,
2023-03-06 13:11:27,4,2,
2023-03-06 17:03:53,0,1,
2023-03-06 10:05:30,1,2,
2023-03-06 13:07:53,1,1,
2023-03-06 12:38:35,1,3,
2023-03-06 15:44:43,0,1,
2023-03-06 14:37:23,0,2,
2023-03-06 10:16:09,1,2,
2023-03-06 16:38:53,0,0,
2023-03-06 16:27:46,4,1,
2023-03-06 11:40:34,1,2,
2023-03-06 17:19:28,1,3,
2023-03-06 16:43:27,2,1,
2023-03-06 09:08:42,0,0,
2023-03-06 16:43:33,2,2,
2023-03-06 10:04:04,2,4,
2023-03-06 12:58:45,1,2,
2023-03-06 13:15:34,3,2,
2023-03-06 15:19:28,2,1,
2023-03-06 08:48:04,2,2,
2023-03-06 09:30:56,1,3,
2023-03-06 17:32:32,4,0,
2023-03-06 11:17:20,0,1,
2023-03-06 17:04:22,2,1,
2023-03-06 14:35:45,1,1,
2023-03-06 16:38:12,2,1,
2023-03-06 15:19:37,0,0,
2023-03-06 15:24:14,2,4,
2023-03-06 12:04:57,3,4,
2023-03-06 13:31:52,2,0,
2023-03-06 12:41:53,0,1,
2023-03-06 18:01:26,0,2,
2023-03-06 10:21:04,4,2,
2023-03-06 09:23:23,2,4,
2023-03-06 08:48:51,4,2,
2023-03-06 12:21:04,2,0,
2023-03-06 08:42:55,2,3,
2023-03-06 15:58:03,3,2,
2023-03-06 14:39:19,1,3,
2023-03-06 15:04:52,3,4,
2023-03-06 09:32:54,3,2,
2023-03-06 15:56:45,1,0,
2023-03-06 14:38:00,0,2,
2023-03-06 08:57:39,1,3,
2023-03-06 17:37:44,4,1,
2023-03-06 17:51:54,1,2,
2023-03-06 13:43:24,2,2,
2023-03-06 16:34:46,3,3,
2023-03-06 12:01:12,3,-1,0.0
2023-03-06 13:51:29,1,2,
2023-03-06 17:01:54,2,0,
2023-03-06 17:12:31,3,-1,0.0
2023-03-06 11:09:25,3,4,
2023-03-06 08:39:18,3,4,
2023-03-06 17:28:54,2,2,
2023-03-06 16:05:28,1,3,
2023-03-06 10:25:49,3,-1,0.0
2023-03-06 16:46:59,4,4,
2023-03-06 15:33:25,4,4,
2023-03-06 17:36:24,0,1,
2023-03-06 11:56:39,3,3,
2023-03-06 14:38:21,4,2,
2023-03-06 09:46:20,3,4,
2023-03-06 16:20:04,3,2,
2023-03-06 12:48:52,1,2,
2023-03-06 11:27:44,4,0,
2023-03-06 13:32:56,2,-1,0.0
2023-03-06 08:48:48,0,0,
2023-03-06 12:32:16,2,2,
2023-03-06 10:46:52,2,0,
2023-03-06 12:17:35,4,0,
2023-03-06 11:13:29,4,0,
2023-03-06 13:22:28,1,1,
2023-03-06 13:46:53,4,2,
2023-03-06 14:42:17,2,-1,0.0
2023-03-06 14:09:00,1,4,
2023-03-06 10:49:29,3,-1,0.0
2023-03-06 09:01:50,3,4,
2023-03-06 14:55:29,2,3,
2023-03-06 16:55:03,4,2,
2023-03-06 13:26:56,1,3,
2023-03-06 17:51:52,4,1,
2023-03-06 15:09:55,2,2,
2023-03-06 11:23:10,3,2,
2023-03-06 15:48:18,4,0,
2023-03-06 12:17:45,1,0,
2023-03-06 10:24:03,4,2,
2023-03-06 13:19:49,0,3,
2023-03-06 12:59:45,3,3,
2023-03-06 13:28:31,1,1,
2023-03-06 12:55:34,2,2,
2023-03-06 17:57:07,2,0,
2023-03-06 17:08:23,4,1,
2023-03-06 11:01:59,2,1,
2023-03-06 16:28:42,3,3,
2023-03-06 17:34:25,4,1,
2023-03-06 17:11:47,4,4,
2023-03-06 10:08:29,1,2,
2023-03-06 16:56:21,0,4,
2023-03-06 14:02:24,0,1,
2023-03-06 15:47:03,0,2,
2023-03-06 15:30:43,2,1,
2023-03-06 13:13:53,1,3,
2023-03-06 15:27:07,2,0,
2023-03-06 14:13:57,2,0,
2023-03-06 14:14:21,0,2,
2023-03-06 18:07:19,1,1,
2023-03-06 12:53:18,1,3,
2023-03-06 17:51:37,0,1,
2023-03-06 16:02:05,3,0,
2023-03-06 17:55:16,1,3,
2023-03-06 09:56:32,4,1,
2023-03-06 13:26:51,2,2,
2023-03-06 17:00:52,4,2,
2023-03-06 09:09:00,2,2,
2023-03-06 17:00:18,4,1,
2023-03-06 10:24:05,3,4,
2023-03-06 16:34:18,4,0,
2023-03-06 10:02:40,3,4,
2023-03-06 08:44:14,1,2,
2023-03-06 09:54:45,2,0,
2023-03-06 16:22:20,2,1,
2023-03-06 11:35:20,3,0,
2023-03-06 13:50:56,1,2,
2023-03-06 14:02:49,3,1,
2023-03-06 12:29:58,0,3,
2023-03-06 10:58:40,1,0,
2023-03-06 13:18:44,1,2,
2023-03-06 09:51:29,2,0,
2023-03-06 16:25:56,4,0,
2023-03-06 10:40:27,1,2,
2023-03-06 18:12:26,1,2,
2023-03-06 17:06:53,4,0,
2023-03-06 11:51:14,2,3,
2023-03-06 16:57:09,1,4,
2023-03-06 16:13:45,0,1,
2023-03-06 16:08:13,2,0,
2023-03-06 17:32:59,1,4,
2023-03-06 17:03:11,1,2,
2023-03-06 09:53:21,4,2,
2023-03-06 13:04:26,3,2,
2023-03-06 09:49:14,3,2,
2023-03-06 11:21:16,2,0,
2023-03-06 09:45:10,2,3,
2023-03-06 09:27:20,2,-1,0.0
2023-03-06 11:15:29,1,3,
2023-03-06 10:04:06,3,3,
2023-03-06 12:59:21,1,4,
2023-03-06 11:56:21,1,2,
2023-03-06 18:12:31,3,3,
2023-03-06 09:18:19,2,0,
2023-03-06 15:59:10,2,3,
2023-03-06 11:35:07,2,1,
2023-03-06 12:27:43,3,3,
2023-03-06 13:10:15,0,2,
2023-03-06 15:45:50,0,0,
2023-03-06 18:07:51,3,2,
2023-03-06 09:30:31,4,0,
2023-03-06 09:56:00,4,0,
2023-03-06 11:32:21,0,3,
2023-03-06 17:59:10,1,2,
2023-03-06 16:31:17,3,4,
2023-03-06 15:35:13,2,0,
2023-03-06 09:03:29,4,0,
2023-03-06 10:23:11,3,4,
2023-03-06 16:34:37,0,4,
2023-03-06 09:58:42,0,-1,0.0
2023-03-06 17:06:35,4,0,
2023-03-06 16:33:24,1,3,
2023-03-06 18:05:01,3,2,
2023-03-06 09:47:51,3,3,
2023-03-06 16:38:41,2,1,
2023-03-06 11:06:54,3,0,
2023-03-06 14:31:35,4,0,
2023-03-06 14:10:12,4,1,
2023-03-06 09:41:52,0,3,
2023-03-06 14:27:18,4,3,
2023-03-06 11:47:42,4,0,
2023-03-06 09:16:01,4,0,
2023-03-06 11:20:32,3,2,
2023-03-06 14:36:41,3,-1,0.0
2023-03-06 15:50:24,0,2,
2023-03-06 15:46:40,0,2,
2023-03-06 14:27:52,4,0,
2023-03-06 16:18:31,0,-1,0.0
2023-03-06 10:32:23,2,1,
2023-03-06 12:21:59,0,1,
2023-03-06 16:20:28,1,2,
2023-03-06 16:42:57,4,2,
2023-03-06 13:53:34,0,2,
2023-03-06 13:20:09,1,2,
2023-03-06 15:26:05,4,0,
2023-03-06 17:46:44,0,4,
2023-03-06 10:25:00,4,0,
2023-03-06 12:13:13,2,1,
2023-03-06 13:42:58,0,0,
2023-03-06 14:35:06,0,1,
2023-03-06 14:35:31,2,1,
2023-03-06 18:08:39,1,1,
2023-03-06 14:03:51,2,4,
2023-03-06 15:34:39,2,2,
2023-03-06 11:35:57,1,4,
2023-03-06 15:53:21,1,1,
2023-03-06 11:37:15,3,3,
2023-03-06 16:05:06,1,2,
2023-03-06 13:00:21,1,3,
2023-03-06 12:12:01,1,3,
2023-03-06 15:38:48,1,2,
2023-03-06 13:39:58,3,4,
2023-03-06 10:38:27,2,1,
2023-03-06 09:59:24,4,0,
2023-03-06 14:56:17,1,2,
2023-03-06 08:39:30,3,3,
2023-03-06 14:21:54,2,2,
2023-03-06 10:49:03,0,3,
2023-03-06 12:19:27,4,0,
2023-03-06 12:48:52,4,0,
2023-03-06 10:52:45,2,3,
2023-03-06 09:23:33,0,2,
2023-03-06 12:05:57,3,3,
2023-03-06 10:30:41,2,1,
2023-03-06 09:34:49,2,0,
2023-03-06 17:41:15,3,3,
2023-03-06 10:38:56,3,3,
2023-03-06 13:25:59,3,4,
2023-03-06 14:51:55,3,3,
2023-03-06 12:08:46,2,2,
2023-03-06 11:31:31,2,4,
2023-03-06 12:34:37,1,1,
2023-03-06 14:04:18,4,2,
2023-03-06 14:45:41,4,1,
2023-03-06 09:55:50,3,3,
2023-03-06 12:52:43,4,0,
2023-03-06 15:57:16,0,3,
2023-03-06 08:32:02,0,3,
2023-03-06 13:33:15,1,4,
2023-03-06 15:16:12,3,4,
2023-03-06 09:02:51,3,2,
2023-03-06 14:28:13,3,2,
2023-03-06 14:20:29,2,3,
2023-03-06 15:24:57,1,1,
2023-03-06 12:42:41,0,3,
2023-03-06 13:33:49,0,3,
2023-03-06 11:14:10,1,2,
2023-03-06 09:16:05,1,3,
2023-03-06 10:07:22,0,2,
2023-03-06 11:39:17,1,2,
2023-03-06 17:41:08,2,1,
2023-03-06 10:48:50,4,1,
2023-03-06 12:20:45,3,3,
2023-03-06 11:47:14,0,1,
2023-03-06 18:06:12,4,2,
2023-03-06 09:02:29,3,4,
2023-03-06 17:10:29,3,2,
2023-03-06 14:48:23,1,4,
2023-03-06 18:04:07,1,1,
2023-03-06 17:02:13,2,1,
2023-03-06 15:16:04,1,2,
2023-03-06 11:38:41,3,2,
2023-03-06 17:47:29,4,0,
2023-03-06 13:19:31,0,1,
2023-03-06 15:25:43,4,2,
2023-03-06 10:42:16,4,0,
2023-03-06 11:28:05,1,1,
2023-03-06 13:06:35,4,2,
2023-03-06 10:44:41,1,2,
2023-03-06 15:58:42,4,3,
2023-03-06 17:31:36,1,1,
2023-03-06 09:40:21,1,3,
2023-03-06 13:51:06,1,2,
2023-03-06 16:50:15,4,0,
2023-03-06 12:13:57,3,3,
2023-03-06 08:45:32,0,3,
2023-03-06 12:06:13,0,2,
2023-03-06 16:14:44,4,2,
2023-03-06 12:04:34,0,3,
2023-03-06 17:06:38,2,-1,1.0
2023-03-06 09:40:15,0,2,
2023-03-06 11:16:31,4,2,
2023-03-06 08:58:37,0,2,
2023-03-06 10:20:59,3,3,
2023-03-06 09:48:02,3,2,
2023-03-06 15:53:34,1,3,
2023-03-06 16:29:24,4,1,
2023-03-06 15:31:28,3,-1,0.0
2023-03-06 09:03:22,2,2,
2023-03-06 15:54:31,1,-1,0.0
2023-03-06 10:45:33,1,2,
2023-03-06 16:17:50,1,1,
2023-03-06 09:37:37,4,2,
2023-03-06 11:10:12,3,3,
2023-03-06 11:11:26,4,4,
2023-03-06 09:49:31,4,2,
2023-03-06 16:10:31,2,0,
2023-03-06 16:10:05,4,2,
2023-03-06 14:27:52,1,3,
2023-03-06 10:41:17,3,3,
2023-03-06 17:42:48,3,2,
